,date_time,open,close,high,low
0,12/11/2019 09:46:01,108420.0,108440.0,108440.0,108405.0
1,12/11/2019 09:47:00,108450.0,108440.0,108450.0,108425.0
2,12/11/2019 09:48:00,108440.0,108415.0,108440.0,108415.0
3,12/11/2019 09:49:00,108415.0,108400.0,108415.0,108380.0
4,12/11/2019 09:50:01,108405.0,108420.0,108425.0,108400.0
5,12/11/2019 09:51:00,108420.0,108410.0,108440.0,108405.0
6,12/11/2019 09:52:00,108410.0,108415.0,108415.0,108400.0
7,12/11/2019 09:53:00,108415.0,108425.0,108440.0,108415.0
8,12/11/2019 09:54:00,108430.0,108440.0,108465.0,108430.0
9,12/11/2019 09:55:00,108430.0,108460.0,108460.0,108430.0
10,12/11/2019 09:56:00,108460.0,108410.0,108460.0,108410.0
11,12/11/2019 09:57:00,108410.0,108415.0,108425.0,108390.0
12,12/11/2019 09:58:01,108410.0,108465.0,108465.0,108410.0
13,12/11/2019 09:59:00,108455.0,108420.0,108465.0,108420.0
14,12/11/2019 10:00:01,108420.0,108455.0,108455.0,108420.0
15,12/11/2019 10:01:00,108455.0,108455.0,108465.0,108440.0
16,12/11/2019 10:02:00,108455.0,108480.0,108485.0,108455.0
17,12/11/2019 10:03:00,108480.0,108520.0,108520.0,108475.0
18,12/11/2019 10:04:00,108520.0,108505.0,108530.0,108505.0
19,12/11/2019 10:05:00,108505.0,108535.0,108535.0,108505.0
20,12/11/2019 10:06:00,108525.0,108495.0,108530.0,108490.0
21,12/11/2019 10:07:00,108490.0,108450.0,108490.0,108445.0
22,12/11/2019 10:08:00,108465.0,108450.0,108465.0,108450.0
23,12/11/2019 10:09:00,108450.0,108460.0,108465.0,108450.0
24,12/11/2019 10:10:00,108460.0,108410.0,108460.0,108395.0
25,12/11/2019 10:11:00,108410.0,108440.0,108440.0,108410.0
26,12/11/2019 10:12:00,108440.0,108460.0,108460.0,108440.0
27,12/11/2019 10:13:00,108460.0,108425.0,108460.0,108415.0
28,12/11/2019 10:14:00,108425.0,108360.0,108425.0,108350.0
29,12/11/2019 10:15:00,108360.0,108370.0,108435.0,108345.0
30,12/11/2019 10:16:00,108370.0,108360.0,108390.0,108360.0
31,12/11/2019 10:17:00,108360.0,108305.0,108365.0,108265.0
32,12/11/2019 10:18:00,108305.0,108300.0,108345.0,108300.0
33,12/11/2019 10:19:00,108300.0,108245.0,108300.0,108245.0
34,12/11/2019 10:20:01,108245.0,108265.0,108295.0,108245.0
35,12/11/2019 10:21:00,108265.0,108210.0,108275.0,108210.0
36,12/11/2019 10:22:00,108210.0,108155.0,108225.0,108155.0
37,12/11/2019 10:23:01,108160.0,108175.0,108205.0,108160.0
38,12/11/2019 10:24:00,108185.0,108250.0,108250.0,108180.0
39,12/11/2019 10:25:00,108240.0,108220.0,108260.0,108220.0
40,12/11/2019 10:26:00,108220.0,108250.0,108260.0,108210.0
41,12/11/2019 10:27:01,108250.0,108150.0,108255.0,108145.0
42,12/11/2019 10:28:01,108150.0,108255.0,108260.0,108140.0
43,12/11/2019 10:29:00,108265.0,108285.0,108315.0,108230.0
44,12/11/2019 10:30:00,108285.0,108290.0,108300.0,108260.0
45,12/11/2019 10:31:00,108290.0,108280.0,108315.0,108265.0
46,12/11/2019 10:32:00,108280.0,108330.0,108340.0,108280.0
47,12/11/2019 10:33:00,108320.0,108385.0,108385.0,108320.0
48,12/11/2019 10:34:01,108385.0,108335.0,108385.0,108290.0
49,12/11/2019 10:35:00,108335.0,108360.0,108370.0,108335.0
50,12/11/2019 10:36:00,108360.0,108320.0,108360.0,108320.0
51,12/11/2019 10:37:00,108320.0,108270.0,108335.0,108245.0
52,12/11/2019 10:38:00,108270.0,108325.0,108325.0,108270.0
53,12/11/2019 10:39:00,108325.0,108290.0,108330.0,108260.0
54,12/11/2019 10:40:00,108290.0,108355.0,108355.0,108290.0
55,12/11/2019 10:41:00,108355.0,108340.0,108355.0,108315.0
56,12/11/2019 10:42:01,108340.0,108375.0,108375.0,108305.0
57,12/11/2019 10:43:00,108375.0,108440.0,108450.0,108375.0
58,12/11/2019 10:44:00,108440.0,108395.0,108445.0,108385.0
59,12/11/2019 10:45:00,108395.0,108380.0,108395.0,108355.0
60,12/11/2019 10:46:00,108380.0,108330.0,108395.0,108295.0
61,12/11/2019 10:47:00,108330.0,108100.0,108335.0,108100.0
62,12/11/2019 10:48:00,108100.0,107955.0,108120.0,107955.0
63,12/11/2019 10:49:04,107955.0,108075.0,108080.0,107955.0
64,12/11/2019 10:50:00,108075.0,108015.0,108075.0,108005.0
65,12/11/2019 10:51:00,108015.0,107990.0,108045.0,107965.0
66,12/11/2019 10:52:00,107990.0,108005.0,108060.0,107990.0
67,12/11/2019 10:53:01,108005.0,108000.0,108020.0,107965.0
68,12/11/2019 10:54:00,107985.0,107875.0,107985.0,107835.0
69,12/11/2019 10:55:00,107875.0,107900.0,107905.0,107875.0
70,12/11/2019 10:56:00,107900.0,107900.0,107920.0,107875.0
71,12/11/2019 10:57:00,107900.0,107895.0,107900.0,107830.0
72,12/11/2019 10:58:00,107895.0,107870.0,107910.0,107845.0
73,12/11/2019 10:59:00,107870.0,107900.0,107920.0,107870.0
74,12/11/2019 11:00:01,107900.0,107835.0,107915.0,107820.0
75,12/11/2019 11:01:01,107835.0,107860.0,107860.0,107815.0
76,12/11/2019 11:02:00,107860.0,107880.0,107890.0,107860.0
77,12/11/2019 11:03:02,107880.0,107895.0,107910.0,107880.0
78,12/11/2019 11:04:00,107895.0,107880.0,107900.0,107880.0
79,12/11/2019 11:05:00,107880.0,107925.0,107930.0,107860.0
80,12/11/2019 11:06:00,107925.0,107935.0,107940.0,107925.0
81,12/11/2019 11:07:00,107935.0,107950.0,107965.0,107935.0
82,12/11/2019 11:08:00,107935.0,107940.0,107950.0,107935.0
83,12/11/2019 11:09:01,107940.0,107925.0,107955.0,107925.0
84,12/11/2019 11:10:00,107925.0,107970.0,107980.0,107925.0
85,12/11/2019 11:11:00,107970.0,107935.0,107985.0,107935.0
86,12/11/2019 11:12:00,107935.0,107930.0,107955.0,107930.0
87,12/11/2019 11:13:01,107930.0,107955.0,107975.0,107930.0
88,12/11/2019 11:14:00,107960.0,107940.0,107965.0,107940.0
89,12/11/2019 11:15:00,107940.0,108010.0,108015.0,107940.0
90,12/11/2019 11:16:00,108010.0,107960.0,108010.0,107955.0
91,12/11/2019 11:17:00,107960.0,107990.0,107990.0,107960.0
92,12/11/2019 11:18:00,107990.0,108035.0,108040.0,107985.0
93,12/11/2019 11:19:00,108035.0,107990.0,108040.0,107985.0
94,12/11/2019 11:20:00,107990.0,107975.0,107990.0,107965.0
95,12/11/2019 11:21:01,107970.0,107945.0,107975.0,107945.0
96,12/11/2019 11:22:00,107945.0,107955.0,107965.0,107910.0
97,12/11/2019 11:23:00,107955.0,108005.0,108035.0,107955.0
98,12/11/2019 11:24:00,108005.0,108000.0,108030.0,108000.0
99,12/11/2019 11:25:00,108000.0,107985.0,108015.0,107980.0
100,12/11/2019 11:26:00,107985.0,107980.0,108010.0,107980.0
101,12/11/2019 11:27:00,107980.0,108005.0,108005.0,107970.0
102,12/11/2019 11:28:00,108005.0,108025.0,108040.0,108005.0
103,12/11/2019 11:29:00,108015.0,108015.0,108035.0,108015.0
104,12/11/2019 11:30:00,108015.0,107985.0,108025.0,107980.0
105,12/11/2019 11:31:00,107985.0,108010.0,108020.0,107985.0
106,12/11/2019 11:32:00,108010.0,108040.0,108060.0,108010.0
107,12/11/2019 11:33:00,108040.0,108025.0,108040.0,108020.0
108,12/11/2019 11:34:00,108025.0,108035.0,108050.0,108025.0
109,12/11/2019 11:35:00,108035.0,108025.0,108060.0,108025.0
110,12/11/2019 11:36:01,108025.0,107995.0,108025.0,107995.0
111,12/11/2019 11:37:00,107995.0,107930.0,108020.0,107930.0
112,12/11/2019 11:38:01,107930.0,107790.0,107930.0,107750.0
113,12/11/2019 11:39:00,107790.0,107820.0,107820.0,107765.0
114,12/11/2019 11:40:00,107820.0,107790.0,107845.0,107785.0
115,12/11/2019 11:41:00,107810.0,107780.0,107835.0,107755.0
116,12/11/2019 11:42:01,107780.0,107785.0,107810.0,107775.0
117,12/11/2019 11:43:01,107765.0,107750.0,107765.0,107685.0
118,12/11/2019 11:44:00,107750.0,107750.0,107750.0,107735.0
119,12/11/2019 11:45:01,107750.0,107755.0,107755.0,107720.0
120,12/11/2019 11:46:01,107745.0,107745.0,107750.0,107675.0
121,12/11/2019 11:47:01,107745.0,107730.0,107770.0,107730.0
122,12/11/2019 11:48:00,107730.0,107730.0,107775.0,107725.0
123,12/11/2019 11:49:00,107725.0,107660.0,107725.0,107630.0
124,12/11/2019 11:50:00,107660.0,107735.0,107760.0,107660.0
125,12/11/2019 11:51:01,107760.0,107815.0,107820.0,107740.0
126,12/11/2019 11:52:00,107815.0,107795.0,107815.0,107750.0
127,12/11/2019 11:53:00,107795.0,107780.0,107830.0,107770.0
128,12/11/2019 11:54:00,107780.0,107800.0,107810.0,107780.0
129,12/11/2019 11:55:00,107780.0,107605.0,107785.0,107590.0
130,12/11/2019 11:56:01,107605.0,107530.0,107605.0,107505.0
131,12/11/2019 11:57:00,107530.0,107480.0,107575.0,107465.0
132,12/11/2019 11:58:01,107480.0,107375.0,107480.0,107375.0
133,12/11/2019 11:59:00,107370.0,107335.0,107370.0,107285.0
134,12/11/2019 12:00:01,107340.0,107395.0,107410.0,107340.0
135,12/11/2019 12:01:00,107395.0,107355.0,107395.0,107315.0
136,12/11/2019 12:02:00,107395.0,107405.0,107410.0,107385.0
137,12/11/2019 12:03:00,107405.0,107325.0,107405.0,107320.0
138,12/11/2019 12:04:00,107325.0,107340.0,107365.0,107325.0
139,12/11/2019 12:05:00,107340.0,107360.0,107370.0,107320.0
140,12/11/2019 12:06:00,107360.0,107240.0,107385.0,107240.0
141,12/11/2019 12:07:00,107240.0,107360.0,107360.0,107240.0
142,12/11/2019 12:08:00,107360.0,107350.0,107370.0,107335.0
143,12/11/2019 12:09:00,107345.0,107410.0,107415.0,107325.0
144,12/11/2019 12:10:00,107415.0,107475.0,107475.0,107405.0
145,12/11/2019 12:11:00,107475.0,107460.0,107515.0,107435.0
146,12/11/2019 12:12:01,107445.0,107490.0,107495.0,107445.0
147,12/11/2019 12:13:00,107490.0,107485.0,107500.0,107480.0
148,12/11/2019 12:14:01,107485.0,107520.0,107530.0,107460.0
149,12/11/2019 12:15:00,107535.0,107545.0,107565.0,107525.0
150,12/11/2019 12:16:00,107545.0,107600.0,107600.0,107545.0
151,12/11/2019 12:17:00,107590.0,107620.0,107625.0,107565.0
152,12/11/2019 12:18:00,107620.0,107655.0,107660.0,107620.0
153,12/11/2019 12:19:00,107655.0,107635.0,107660.0,107630.0
154,12/11/2019 12:20:01,107635.0,107625.0,107655.0,107620.0
155,12/11/2019 12:21:00,107640.0,107665.0,107670.0,107640.0
156,12/11/2019 12:22:00,107665.0,107660.0,107675.0,107650.0
157,12/11/2019 12:23:00,107660.0,107680.0,107680.0,107645.0
158,12/11/2019 12:24:00,107690.0,107705.0,107710.0,107680.0
159,12/11/2019 12:25:00,107705.0,107735.0,107735.0,107680.0
160,12/11/2019 12:26:00,107735.0,107610.0,107735.0,107595.0
161,12/11/2019 12:27:00,107615.0,107620.0,107640.0,107600.0
162,12/11/2019 12:28:05,107620.0,107615.0,107635.0,107610.0
163,12/11/2019 12:29:00,107615.0,107565.0,107620.0,107565.0
164,12/11/2019 12:30:00,107565.0,107485.0,107565.0,107475.0
165,12/11/2019 12:31:03,107485.0,107545.0,107550.0,107475.0
166,12/11/2019 12:32:00,107580.0,107625.0,107630.0,107580.0
167,12/11/2019 12:33:00,107625.0,107600.0,107625.0,107595.0
168,12/11/2019 12:34:01,107600.0,107600.0,107620.0,107590.0
169,12/11/2019 12:35:01,107600.0,107665.0,107665.0,107600.0
170,12/11/2019 12:36:15,107665.0,107640.0,107680.0,107635.0
171,12/11/2019 12:37:00,107640.0,107605.0,107640.0,107600.0
172,12/11/2019 12:38:00,107605.0,107570.0,107605.0,107560.0
173,12/11/2019 12:39:01,107570.0,107570.0,107580.0,107540.0
174,12/11/2019 12:40:00,107570.0,107565.0,107570.0,107535.0
175,12/11/2019 12:41:00,107555.0,107550.0,107560.0,107535.0
176,12/11/2019 12:42:01,107550.0,107585.0,107585.0,107550.0
177,12/11/2019 12:43:05,107600.0,107620.0,107620.0,107595.0
178,12/11/2019 12:44:00,107620.0,107615.0,107620.0,107590.0
179,12/11/2019 12:45:00,107615.0,107605.0,107635.0,107605.0
180,12/11/2019 12:46:01,107615.0,107560.0,107635.0,107560.0
181,12/11/2019 12:47:02,107560.0,107570.0,107585.0,107560.0
182,12/11/2019 12:48:00,107570.0,107565.0,107580.0,107560.0
183,12/11/2019 12:49:00,107565.0,107565.0,107570.0,107555.0
184,12/11/2019 12:50:00,107575.0,107515.0,107575.0,107515.0
185,12/11/2019 12:51:00,107515.0,107555.0,107560.0,107515.0
186,12/11/2019 12:52:00,107555.0,107580.0,107585.0,107555.0
187,12/11/2019 12:53:02,107565.0,107560.0,107580.0,107560.0
188,12/11/2019 12:54:00,107550.0,107530.0,107550.0,107520.0
189,12/11/2019 12:55:00,107530.0,107490.0,107530.0,107490.0
190,12/11/2019 12:56:00,107490.0,107490.0,107505.0,107480.0
191,12/11/2019 12:57:00,107490.0,107540.0,107540.0,107480.0
192,12/11/2019 12:58:01,107540.0,107455.0,107540.0,107455.0
193,12/11/2019 12:59:01,107455.0,107425.0,107465.0,107425.0
194,12/11/2019 13:00:02,107440.0,107440.0,107460.0,107425.0
195,12/11/2019 13:01:00,107440.0,107430.0,107440.0,107415.0
196,12/11/2019 13:02:00,107430.0,107460.0,107465.0,107430.0
197,12/11/2019 13:03:01,107460.0,107455.0,107465.0,107445.0
198,12/11/2019 13:04:00,107455.0,107430.0,107530.0,107430.0
199,12/11/2019 13:05:00,107430.0,107290.0,107455.0,107290.0
200,12/11/2019 13:06:00,107290.0,107240.0,107325.0,107235.0
201,12/11/2019 13:07:00,107240.0,107280.0,107280.0,107240.0
202,12/11/2019 13:08:00,107270.0,107295.0,107300.0,107270.0
203,12/11/2019 13:09:00,107295.0,107305.0,107315.0,107290.0
204,12/11/2019 13:10:00,107305.0,107330.0,107345.0,107305.0
205,12/11/2019 13:11:00,107330.0,107270.0,107355.0,107270.0
206,12/11/2019 13:12:00,107270.0,107275.0,107290.0,107235.0
207,12/11/2019 13:13:00,107275.0,107285.0,107300.0,107270.0
208,12/11/2019 13:14:01,107310.0,107315.0,107320.0,107305.0
209,12/11/2019 13:15:00,107315.0,107285.0,107340.0,107285.0
210,12/11/2019 13:16:00,107285.0,107330.0,107335.0,107285.0
211,12/11/2019 13:17:00,107330.0,107405.0,107405.0,107330.0
212,12/11/2019 13:18:00,107405.0,107405.0,107425.0,107405.0
213,12/11/2019 13:19:00,107405.0,107395.0,107405.0,107385.0
214,12/11/2019 13:20:01,107395.0,107320.0,107400.0,107320.0
215,12/11/2019 15:52:00,107020.0,106975.0,107025.0,106975.0
216,12/11/2019 15:53:00,106975.0,106965.0,106990.0,106955.0
217,12/11/2019 15:54:01,106965.0,106980.0,106980.0,106940.0
218,12/11/2019 15:55:00,106980.0,106950.0,107010.0,106950.0
219,12/11/2019 15:56:02,106940.0,106950.0,106970.0,106925.0
220,12/11/2019 15:57:00,106950.0,106955.0,106965.0,106940.0
221,12/11/2019 15:58:00,106955.0,106975.0,106985.0,106950.0
222,12/11/2019 15:59:01,106975.0,107025.0,107025.0,106970.0
223,12/11/2019 16:00:02,107025.0,106975.0,107025.0,106965.0
224,12/11/2019 16:01:01,106975.0,106985.0,106985.0,106925.0
225,12/11/2019 16:02:00,106985.0,107000.0,107010.0,106985.0
226,12/11/2019 16:03:00,107000.0,106985.0,107005.0,106985.0
227,12/11/2019 16:04:01,106990.0,107030.0,107030.0,106990.0
228,12/11/2019 16:05:00,107030.0,107050.0,107075.0,107020.0
229,12/11/2019 16:06:00,107050.0,107050.0,107060.0,107030.0
230,12/11/2019 16:07:00,107050.0,107050.0,107065.0,107030.0
231,12/11/2019 16:08:01,107040.0,107080.0,107110.0,107030.0
232,12/11/2019 16:09:00,107080.0,107060.0,107080.0,107050.0
233,12/11/2019 16:10:00,107065.0,107080.0,107100.0,107060.0
234,12/11/2019 16:11:01,107085.0,107055.0,107085.0,107040.0
235,12/11/2019 16:12:00,107055.0,107075.0,107085.0,107050.0
236,12/11/2019 16:13:01,107075.0,107075.0,107080.0,107065.0
237,12/11/2019 16:14:01,107075.0,107035.0,107075.0,107035.0
238,12/11/2019 16:15:00,107035.0,106980.0,107075.0,106980.0
239,12/11/2019 16:16:00,106980.0,106980.0,107005.0,106970.0
240,12/11/2019 16:17:01,106980.0,106960.0,106990.0,106960.0
241,12/11/2019 16:18:01,106960.0,106990.0,106990.0,106925.0
242,12/11/2019 16:19:00,106990.0,106985.0,106990.0,106970.0
243,12/11/2019 16:20:02,106985.0,106990.0,106995.0,106975.0
244,12/11/2019 16:21:01,106990.0,106950.0,106990.0,106950.0
245,12/11/2019 16:22:01,106950.0,106965.0,106985.0,106945.0
246,12/11/2019 16:23:00,106955.0,106975.0,106980.0,106955.0
247,12/11/2019 16:24:00,106975.0,106975.0,106985.0,106960.0
248,12/11/2019 16:25:00,106975.0,106985.0,106995.0,106975.0
249,12/11/2019 16:26:00,106980.0,106965.0,106995.0,106965.0
250,12/11/2019 16:27:01,106965.0,106865.0,106965.0,106810.0
251,12/11/2019 16:28:00,106865.0,106850.0,106885.0,106835.0
252,12/11/2019 16:29:00,106855.0,106820.0,106855.0,106795.0
253,12/11/2019 16:30:00,106820.0,106780.0,106840.0,106780.0
254,12/11/2019 16:31:00,106780.0,106810.0,106835.0,106765.0
255,12/11/2019 16:32:01,106810.0,106840.0,106840.0,106805.0
256,12/11/2019 16:33:00,106845.0,106825.0,106845.0,106785.0
257,12/11/2019 16:34:00,106820.0,106820.0,106820.0,106795.0
258,12/11/2019 16:35:00,106820.0,106850.0,106850.0,106805.0
259,12/11/2019 16:36:01,106850.0,106885.0,106885.0,106845.0
260,12/11/2019 16:37:00,106875.0,106890.0,106895.0,106865.0
261,12/11/2019 16:38:02,106900.0,106905.0,106905.0,106890.0
262,12/11/2019 16:39:01,106905.0,106935.0,106940.0,106905.0
263,12/11/2019 16:40:00,106935.0,106945.0,106945.0,106925.0
264,12/11/2019 16:41:00,106935.0,106970.0,106970.0,106925.0
265,12/11/2019 16:42:00,106950.0,106965.0,106965.0,106925.0
266,12/11/2019 16:43:01,106965.0,106965.0,106985.0,106950.0
267,12/11/2019 16:44:01,106970.0,107010.0,107015.0,106965.0
268,12/11/2019 16:45:06,107010.0,107010.0,107035.0,107000.0
269,12/11/2019 16:46:03,107010.0,107090.0,107090.0,107010.0
270,12/11/2019 16:47:01,107090.0,107090.0,107100.0,107060.0
271,12/11/2019 16:48:00,107110.0,107125.0,107135.0,107095.0
272,12/11/2019 16:49:00,107125.0,107140.0,107145.0,107125.0
273,12/11/2019 16:50:00,107165.0,107180.0,107190.0,107155.0
274,12/11/2019 16:51:00,107180.0,107130.0,107195.0,107130.0
275,12/11/2019 16:52:00,107125.0,107145.0,107160.0,107090.0
276,12/11/2019 16:53:01,107145.0,107145.0,107155.0,107135.0
277,12/11/2019 16:54:00,107145.0,107115.0,107145.0,107100.0
278,12/11/2019 16:55:00,107115.0,107155.0,107155.0,107115.0
279,12/11/2019 16:56:00,107150.0,107165.0,107185.0,107140.0
280,12/11/2019 16:57:00,107165.0,107155.0,107165.0,107125.0
281,12/11/2019 16:58:00,107155.0,107170.0,107170.0,107145.0
282,12/11/2019 16:59:00,107165.0,107185.0,107235.0,107165.0
283,12/11/2019 17:00:00,107185.0,107160.0,107185.0,107140.0
284,12/11/2019 17:01:01,107160.0,107165.0,107190.0,107155.0
285,12/11/2019 17:02:01,107165.0,107175.0,107180.0,107165.0
286,12/11/2019 17:03:01,107175.0,107215.0,107215.0,107175.0
287,12/11/2019 17:04:00,107215.0,107165.0,107220.0,107160.0
288,12/11/2019 17:05:00,107165.0,107150.0,107175.0,107150.0
289,12/11/2019 17:06:00,107150.0,107130.0,107165.0,107110.0
290,12/11/2019 17:07:01,107140.0,107165.0,107165.0,107140.0
291,12/11/2019 17:08:00,107165.0,107135.0,107190.0,107135.0
292,12/11/2019 17:09:00,107135.0,107160.0,107160.0,107135.0
293,12/11/2019 17:10:00,107155.0,107105.0,107165.0,107090.0
294,12/11/2019 17:11:00,107105.0,107150.0,107150.0,107055.0
295,12/11/2019 17:12:00,107150.0,107150.0,107185.0,107150.0
296,12/11/2019 17:13:00,107150.0,107140.0,107165.0,107140.0
297,12/11/2019 17:14:00,107155.0,107275.0,107280.0,107155.0
298,12/11/2019 17:15:00,107275.0,107300.0,107310.0,107265.0
299,12/11/2019 17:16:00,107300.0,107280.0,107300.0,107280.0
300,12/11/2019 17:17:00,107280.0,107360.0,107360.0,107270.0
301,12/11/2019 17:18:00,107360.0,107365.0,107380.0,107340.0
302,12/11/2019 17:19:00,107365.0,107330.0,107370.0,107330.0
303,12/11/2019 17:20:00,107330.0,107380.0,107380.0,107325.0
304,12/11/2019 17:21:00,107380.0,107425.0,107425.0,107375.0
305,12/11/2019 17:22:00,107425.0,107460.0,107465.0,107425.0
306,12/11/2019 17:23:01,107460.0,107395.0,107460.0,107365.0
307,12/11/2019 17:24:00,107395.0,107375.0,107400.0,107355.0
308,12/11/2019 17:25:01,107375.0,107315.0,107375.0,107310.0
309,12/11/2019 17:26:00,107315.0,107320.0,107325.0,107280.0
310,12/11/2019 17:27:05,107320.0,107320.0,107360.0,107315.0
311,12/11/2019 17:28:00,107320.0,107255.0,107335.0,107255.0
312,12/11/2019 17:29:01,107250.0,107270.0,107270.0,107250.0
313,12/11/2019 17:30:00,107270.0,107280.0,107300.0,107270.0
314,12/11/2019 17:31:01,107280.0,107300.0,107310.0,107280.0
315,12/11/2019 17:32:00,107300.0,107295.0,107300.0,107285.0
316,12/11/2019 17:33:01,107295.0,107285.0,107305.0,107280.0
317,12/11/2019 17:34:00,107280.0,107330.0,107330.0,107280.0
318,12/11/2019 17:35:00,107330.0,107305.0,107330.0,107295.0
319,12/11/2019 17:36:01,107305.0,107295.0,107310.0,107290.0
320,12/11/2019 17:37:00,107295.0,107285.0,107300.0,107280.0
321,12/11/2019 17:38:01,107285.0,107285.0,107290.0,107275.0
322,12/11/2019 17:39:00,107285.0,107295.0,107295.0,107280.0
323,12/11/2019 17:40:00,107290.0,107300.0,107300.0,107280.0
324,12/11/2019 17:41:01,107300.0,107295.0,107300.0,107290.0
325,12/11/2019 17:42:01,107295.0,107290.0,107300.0,107290.0
326,12/11/2019 17:43:01,107285.0,107285.0,107295.0,107285.0
327,12/11/2019 17:44:00,107285.0,107130.0,107285.0,107130.0
328,12/11/2019 17:45:00,107130.0,107210.0,107230.0,107130.0
329,12/11/2019 17:46:00,107210.0,107205.0,107215.0,107195.0
330,12/11/2019 17:47:00,107205.0,107210.0,107210.0,107145.0
331,12/11/2019 17:48:00,107225.0,107215.0,107245.0,107210.0
332,12/11/2019 17:49:00,107215.0,107220.0,107220.0,107195.0
333,12/11/2019 17:50:01,107220.0,107240.0,107240.0,107180.0
334,12/11/2019 17:51:00,107240.0,107255.0,107265.0,107205.0
335,12/11/2019 17:52:00,107255.0,107265.0,107265.0,107250.0
336,12/11/2019 17:53:00,107265.0,107255.0,107265.0,107230.0
337,12/11/2019 17:54:00,107245.0,107250.0,107250.0,107235.0
338,12/11/2019 17:55:00,107245.0,107240.0,107245.0,107225.0
339,12/11/2019 17:56:01,107240.0,107150.0,107255.0,107150.0
340,12/11/2019 17:57:01,107130.0,107180.0,107210.0,107130.0
341,12/11/2019 17:58:00,107180.0,107190.0,107205.0,107170.0
342,12/11/2019 17:59:01,107190.0,107265.0,107290.0,107190.0
343,12/11/2019 18:00:01,107295.0,107275.0,107295.0,107260.0
344,12/11/2019 18:01:01,107275.0,107240.0,107290.0,107230.0
345,12/11/2019 18:02:00,107240.0,107265.0,107265.0,107220.0
346,12/11/2019 18:03:01,107265.0,107230.0,107275.0,107220.0
347,12/11/2019 18:04:00,107230.0,107220.0,107245.0,107220.0
348,12/11/2019 18:05:00,107220.0,107205.0,107230.0,107185.0
349,12/11/2019 18:06:01,107205.0,107205.0,107225.0,107200.0
350,12/11/2019 18:07:00,107205.0,107180.0,107205.0,107170.0
351,12/11/2019 18:08:00,107180.0,107090.0,107180.0,107090.0
352,12/11/2019 18:09:00,107090.0,107160.0,107160.0,107090.0
353,12/11/2019 18:10:01,107160.0,107195.0,107195.0,107120.0
354,12/11/2019 18:11:00,107195.0,107165.0,107195.0,107150.0
355,12/11/2019 18:12:00,107165.0,107175.0,107180.0,107160.0
356,12/11/2019 18:13:01,107175.0,107180.0,107190.0,107170.0
357,12/11/2019 18:14:00,107180.0,107195.0,107200.0,107180.0
358,12/11/2019 18:15:00,107195.0,107180.0,107220.0,107160.0
359,12/11/2019 18:16:00,107180.0,107200.0,107200.0,107165.0
360,12/11/2019 18:17:00,107190.0,107200.0,107215.0,107190.0
361,12/11/2019 18:18:00,107200.0,107195.0,107205.0,107195.0
362,12/11/2019 18:19:00,107195.0,107200.0,107215.0,107195.0
363,12/11/2019 18:20:00,107200.0,107185.0,107200.0,107160.0
364,12/11/2019 18:21:00,107185.0,107140.0,107185.0,107140.0
365,12/11/2019 18:22:00,107140.0,107135.0,107165.0,107115.0
366,12/11/2019 18:23:00,107135.0,107105.0,107145.0,107100.0
367,12/11/2019 18:24:00,107105.0,107080.0,107105.0,107020.0
368,13/11/2019 10:18:00,106580.0,106620.0,106620.0,106555.0
369,13/11/2019 10:19:00,106595.0,106585.0,106600.0,106570.0
370,13/11/2019 10:20:01,106585.0,106585.0,106585.0,106535.0
371,13/11/2019 10:21:00,106585.0,106515.0,106585.0,106515.0
372,13/11/2019 10:22:01,106515.0,106565.0,106565.0,106495.0
373,13/11/2019 10:23:00,106560.0,106580.0,106585.0,106560.0
374,13/11/2019 10:24:00,106580.0,106570.0,106585.0,106560.0
375,13/11/2019 10:25:00,106580.0,106575.0,106585.0,106555.0
376,13/11/2019 10:26:01,106575.0,106745.0,106745.0,106575.0
377,13/11/2019 10:27:00,106755.0,106835.0,106835.0,106755.0
378,13/11/2019 10:28:01,106805.0,106815.0,106835.0,106775.0
379,13/11/2019 10:29:01,106815.0,106840.0,106855.0,106775.0
380,13/11/2019 10:30:00,106840.0,106825.0,106840.0,106765.0
381,13/11/2019 10:31:00,106825.0,106745.0,106830.0,106745.0
382,13/11/2019 10:32:00,106745.0,106740.0,106750.0,106710.0
383,13/11/2019 10:33:00,106740.0,106680.0,106740.0,106680.0
384,13/11/2019 10:34:00,106680.0,106715.0,106730.0,106675.0
385,13/11/2019 10:35:00,106715.0,106760.0,106770.0,106715.0
386,13/11/2019 10:36:00,106760.0,106760.0,106805.0,106760.0
387,13/11/2019 10:37:01,106750.0,106775.0,106780.0,106725.0
388,13/11/2019 10:38:00,106775.0,106805.0,106810.0,106760.0
389,13/11/2019 10:39:00,106805.0,106995.0,106995.0,106795.0
390,13/11/2019 10:40:01,106995.0,107145.0,107145.0,106985.0
391,13/11/2019 10:41:00,107100.0,107075.0,107130.0,107075.0
392,13/11/2019 10:42:01,107075.0,107125.0,107175.0,107045.0
393,13/11/2019 10:43:00,107125.0,107130.0,107180.0,107125.0
394,13/11/2019 10:44:01,107130.0,107155.0,107190.0,107130.0
395,13/11/2019 10:45:00,107155.0,107095.0,107180.0,107095.0
396,13/11/2019 10:46:00,107095.0,107195.0,107260.0,107095.0
397,13/11/2019 10:47:02,107195.0,107095.0,107200.0,107065.0
398,13/11/2019 10:48:00,107095.0,106990.0,107095.0,106970.0
399,13/11/2019 10:49:00,106990.0,107040.0,107045.0,106990.0
400,13/11/2019 10:50:00,107040.0,107040.0,107055.0,107035.0
401,13/11/2019 10:51:00,107025.0,106985.0,107040.0,106965.0
402,13/11/2019 10:52:00,106985.0,106940.0,106985.0,106910.0
403,13/11/2019 10:53:00,106940.0,106935.0,106940.0,106890.0
404,13/11/2019 10:54:00,106935.0,106985.0,107015.0,106935.0
405,13/11/2019 10:55:01,106975.0,107025.0,107025.0,106975.0
406,13/11/2019 10:56:00,107010.0,107015.0,107040.0,107000.0
407,13/11/2019 10:57:01,107015.0,107005.0,107020.0,106975.0
408,13/11/2019 10:58:01,107005.0,106955.0,107005.0,106955.0
409,13/11/2019 10:59:00,106955.0,106930.0,106980.0,106930.0
410,13/11/2019 11:00:01,106930.0,106915.0,106930.0,106895.0
411,13/11/2019 11:01:00,106915.0,106950.0,106970.0,106915.0
412,13/11/2019 11:02:01,106940.0,106945.0,106985.0,106915.0
413,13/11/2019 11:03:00,106945.0,106955.0,106970.0,106925.0
414,13/11/2019 11:04:01,106955.0,106875.0,106960.0,106875.0
415,13/11/2019 11:05:02,106875.0,106855.0,106900.0,106810.0
416,13/11/2019 11:06:00,106855.0,106880.0,106890.0,106840.0
417,13/11/2019 11:07:00,106880.0,106885.0,106920.0,106880.0
418,13/11/2019 11:08:00,106885.0,106885.0,106915.0,106865.0
419,13/11/2019 11:09:00,106885.0,106915.0,106925.0,106875.0
420,13/11/2019 11:10:01,106915.0,106905.0,106965.0,106905.0
421,13/11/2019 11:11:00,106915.0,106930.0,106935.0,106910.0
422,13/11/2019 11:12:01,106930.0,106875.0,106930.0,106875.0
423,13/11/2019 11:13:01,106875.0,106865.0,106900.0,106855.0
424,13/11/2019 11:14:00,106865.0,106870.0,106890.0,106830.0
425,13/11/2019 11:15:00,106870.0,106885.0,106885.0,106860.0
426,13/11/2019 11:16:00,106885.0,106895.0,106905.0,106860.0
427,13/11/2019 11:17:00,106895.0,106895.0,106905.0,106890.0
428,13/11/2019 11:18:00,106895.0,106880.0,106900.0,106865.0
429,13/11/2019 11:19:00,106880.0,106865.0,106880.0,106825.0
430,13/11/2019 11:20:00,106865.0,106895.0,106895.0,106865.0
431,13/11/2019 11:21:00,106895.0,106950.0,106950.0,106895.0
432,13/11/2019 11:22:00,106920.0,106905.0,106920.0,106895.0
433,13/11/2019 11:23:02,106905.0,106910.0,106935.0,106905.0
434,13/11/2019 11:24:00,106910.0,106895.0,106910.0,106875.0
435,13/11/2019 11:25:01,106895.0,106855.0,106895.0,106850.0
436,13/11/2019 11:26:01,106845.0,106790.0,106865.0,106745.0
437,13/11/2019 11:27:00,106790.0,106775.0,106800.0,106770.0
438,13/11/2019 11:28:00,106775.0,106765.0,106810.0,106765.0
439,13/11/2019 11:29:00,106765.0,106665.0,106765.0,106655.0
440,13/11/2019 11:30:00,106665.0,106625.0,106705.0,106625.0
441,13/11/2019 11:31:00,106640.0,106685.0,106685.0,106640.0
442,13/11/2019 11:32:01,106650.0,106610.0,106655.0,106610.0
443,13/11/2019 11:33:00,106610.0,106570.0,106630.0,106545.0
444,13/11/2019 11:34:00,106570.0,106415.0,106570.0,106415.0
445,13/11/2019 11:35:00,106390.0,106415.0,106435.0,106385.0
446,13/11/2019 11:36:00,106415.0,106445.0,106480.0,106385.0
447,13/11/2019 11:37:00,106445.0,106415.0,106445.0,106400.0
448,13/11/2019 11:38:00,106410.0,106480.0,106480.0,106405.0
449,13/11/2019 11:39:00,106480.0,106505.0,106535.0,106480.0
450,13/11/2019 11:40:00,106510.0,106470.0,106510.0,106465.0
451,13/11/2019 11:41:00,106470.0,106475.0,106490.0,106460.0
452,13/11/2019 11:42:02,106475.0,106385.0,106475.0,106370.0
453,13/11/2019 11:43:00,106395.0,106305.0,106395.0,106300.0
454,13/11/2019 11:44:00,106305.0,106320.0,106370.0,106300.0
455,13/11/2019 11:45:02,106320.0,106355.0,106355.0,106290.0
456,13/11/2019 11:46:00,106340.0,106370.0,106400.0,106335.0
457,13/11/2019 11:47:00,106370.0,106425.0,106470.0,106370.0
458,13/11/2019 11:48:00,106425.0,106510.0,106510.0,106415.0
459,13/11/2019 11:49:01,106570.0,106520.0,106575.0,106520.0
460,13/11/2019 11:50:00,106520.0,106765.0,106765.0,106520.0
461,13/11/2019 11:51:00,106765.0,106780.0,106880.0,106765.0
462,13/11/2019 11:52:00,106780.0,106775.0,106825.0,106775.0
463,13/11/2019 11:53:02,106775.0,106790.0,106840.0,106765.0
464,13/11/2019 11:54:00,106765.0,106715.0,106765.0,106715.0
465,13/11/2019 11:55:00,106715.0,106670.0,106740.0,106670.0
466,13/11/2019 11:56:00,106670.0,106805.0,106805.0,106640.0
467,13/11/2019 11:57:00,106805.0,106715.0,106825.0,106690.0
468,13/11/2019 11:58:00,106715.0,106640.0,106715.0,106635.0
469,13/11/2019 11:59:00,106640.0,106545.0,106640.0,106515.0
470,13/11/2019 12:00:00,106545.0,106510.0,106545.0,106470.0
471,13/11/2019 12:01:01,106510.0,106515.0,106515.0,106445.0
472,13/11/2019 12:02:01,106530.0,106580.0,106580.0,106525.0
473,13/11/2019 12:03:01,106580.0,106620.0,106665.0,106575.0
474,13/11/2019 12:04:00,106595.0,106495.0,106595.0,106495.0
475,13/11/2019 12:05:00,106495.0,106395.0,106515.0,106395.0
476,13/11/2019 12:06:17,106395.0,106475.0,106475.0,106390.0
477,13/11/2019 12:12:11,106475.0,106410.0,106490.0,106410.0
478,13/11/2019 12:13:25,106410.0,106440.0,106440.0,106410.0
479,13/11/2019 12:14:01,106475.0,106475.0,106490.0,106465.0
480,13/11/2019 12:15:51,106475.0,106390.0,106475.0,106390.0
481,13/11/2019 12:16:00,106375.0,106375.0,106375.0,106375.0
482,13/11/2019 12:17:54,106395.0,106595.0,106595.0,106390.0
483,13/11/2019 12:18:10,106630.0,106630.0,106630.0,106630.0
484,13/11/2019 12:19:01,106630.0,106615.0,106630.0,106600.0
485,13/11/2019 12:20:00,106615.0,106615.0,106665.0,106600.0
486,13/11/2019 12:21:02,106590.0,106630.0,106655.0,106590.0
487,13/11/2019 12:22:00,106630.0,106615.0,106660.0,106615.0
488,13/11/2019 12:23:00,106615.0,106640.0,106650.0,106590.0
489,13/11/2019 12:24:01,106640.0,106620.0,106640.0,106580.0
490,13/11/2019 12:25:00,106600.0,106585.0,106600.0,106565.0
491,13/11/2019 12:26:01,106590.0,106570.0,106610.0,106570.0
492,13/11/2019 12:27:02,106565.0,106515.0,106565.0,106495.0
493,13/11/2019 12:28:00,106500.0,106480.0,106510.0,106480.0
494,13/11/2019 12:29:01,106485.0,106525.0,106525.0,106465.0
495,13/11/2019 12:30:04,106525.0,106495.0,106525.0,106475.0
496,13/11/2019 12:31:05,106500.0,106470.0,106510.0,106465.0
497,13/11/2019 12:32:17,106465.0,106415.0,106470.0,106415.0
498,13/11/2019 12:33:19,106410.0,106405.0,106410.0,106405.0
499,13/11/2019 12:34:00,106405.0,106425.0,106430.0,106405.0
500,13/11/2019 12:35:00,106420.0,106460.0,106470.0,106400.0
501,13/11/2019 12:36:01,106460.0,106435.0,106490.0,106435.0
502,13/11/2019 12:37:08,106435.0,106465.0,106465.0,106435.0
503,13/11/2019 12:38:00,106465.0,106380.0,106470.0,106380.0
504,13/11/2019 12:39:00,106380.0,106355.0,106380.0,106320.0
505,13/11/2019 12:40:07,106375.0,106350.0,106375.0,106320.0
506,13/11/2019 12:41:02,106355.0,106205.0,106360.0,106205.0
507,13/11/2019 12:42:01,106205.0,106245.0,106245.0,106180.0
508,13/11/2019 12:43:05,106245.0,106305.0,106305.0,106245.0
509,13/11/2019 12:44:00,106305.0,106260.0,106305.0,106235.0
510,13/11/2019 12:45:02,106255.0,106255.0,106260.0,106220.0
511,13/11/2019 12:46:00,106255.0,106320.0,106320.0,106255.0
512,13/11/2019 12:47:00,106320.0,106320.0,106325.0,106310.0
513,13/11/2019 12:48:00,106320.0,106285.0,106320.0,106280.0
514,13/11/2019 12:49:00,106280.0,106235.0,106280.0,106230.0
515,13/11/2019 12:50:03,106235.0,106185.0,106245.0,106185.0
516,13/11/2019 12:51:00,106215.0,106180.0,106225.0,106165.0
517,13/11/2019 12:52:00,106180.0,106195.0,106205.0,106160.0
518,13/11/2019 12:53:00,106195.0,106180.0,106210.0,106180.0
519,13/11/2019 12:54:04,106215.0,106255.0,106265.0,106215.0
520,13/11/2019 12:55:01,106300.0,106325.0,106325.0,106270.0
521,13/11/2019 12:56:00,106325.0,106285.0,106355.0,106285.0
522,13/11/2019 12:57:00,106285.0,106235.0,106285.0,106215.0
523,13/11/2019 12:58:01,106235.0,106230.0,106240.0,106205.0
524,13/11/2019 12:59:00,106230.0,106280.0,106280.0,106225.0
525,13/11/2019 13:00:00,106280.0,106220.0,106285.0,106220.0
526,13/11/2019 13:01:02,106220.0,106215.0,106235.0,106210.0
527,13/11/2019 13:02:00,106225.0,106265.0,106280.0,106225.0
528,13/11/2019 13:03:01,106265.0,106225.0,106290.0,106225.0
529,13/11/2019 13:04:00,106225.0,106115.0,106235.0,106110.0
530,13/11/2019 13:05:01,106100.0,106155.0,106155.0,106100.0
531,13/11/2019 13:06:00,106155.0,106170.0,106175.0,106135.0
532,13/11/2019 13:07:00,106170.0,106170.0,106190.0,106145.0
533,13/11/2019 13:08:00,106170.0,106205.0,106205.0,106160.0
534,13/11/2019 13:09:00,106205.0,106250.0,106250.0,106205.0
535,13/11/2019 13:10:00,106270.0,106220.0,106270.0,106180.0
536,13/11/2019 13:11:00,106220.0,106295.0,106315.0,106220.0
537,13/11/2019 13:12:01,106295.0,106320.0,106320.0,106270.0
538,13/11/2019 13:13:00,106300.0,106305.0,106305.0,106290.0
539,13/11/2019 13:14:00,106325.0,106300.0,106330.0,106300.0
540,13/11/2019 13:15:01,106285.0,106275.0,106295.0,106275.0
541,13/11/2019 13:16:00,106275.0,106295.0,106340.0,106275.0
542,13/11/2019 13:17:01,106295.0,106285.0,106295.0,106260.0
543,13/11/2019 13:18:00,106285.0,106265.0,106300.0,106265.0
544,13/11/2019 13:19:01,106265.0,106255.0,106285.0,106255.0
545,13/11/2019 13:20:01,106285.0,106305.0,106330.0,106280.0
546,13/11/2019 13:21:01,106305.0,106290.0,106320.0,106285.0
547,13/11/2019 13:22:00,106290.0,106310.0,106345.0,106290.0
548,13/11/2019 13:23:00,106310.0,106345.0,106345.0,106310.0
549,13/11/2019 13:24:00,106345.0,106315.0,106345.0,106300.0
550,13/11/2019 13:25:00,106315.0,106295.0,106330.0,106290.0
551,13/11/2019 13:26:01,106295.0,106285.0,106320.0,106255.0
552,13/11/2019 13:27:01,106285.0,106240.0,106285.0,106240.0
553,13/11/2019 13:28:00,106240.0,106220.0,106270.0,106220.0
554,13/11/2019 13:29:00,106220.0,106225.0,106225.0,106195.0
555,13/11/2019 13:30:01,106225.0,106205.0,106225.0,106205.0
556,13/11/2019 13:31:01,106240.0,106255.0,106275.0,106240.0
557,13/11/2019 13:32:00,106255.0,106270.0,106270.0,106230.0
558,13/11/2019 13:33:02,106260.0,106290.0,106300.0,106260.0
559,13/11/2019 13:34:00,106290.0,106275.0,106300.0,106270.0
560,13/11/2019 13:35:00,106275.0,106275.0,106290.0,106255.0
561,13/11/2019 13:36:01,106285.0,106245.0,106290.0,106245.0
562,13/11/2019 13:37:01,106245.0,106240.0,106260.0,106240.0
563,13/11/2019 13:38:00,106240.0,106240.0,106255.0,106225.0
564,13/11/2019 13:39:03,106240.0,106225.0,106255.0,106225.0
565,13/11/2019 13:42:39,106230.0,106195.0,106260.0,106195.0
566,13/11/2019 13:43:10,106190.0,106180.0,106190.0,106180.0
567,13/11/2019 13:55:23,106175.0,106245.0,106245.0,106175.0
568,13/11/2019 13:58:14,106290.0,106290.0,106290.0,106290.0
569,13/11/2019 14:02:30,106290.0,106320.0,106320.0,106275.0
570,13/11/2019 14:03:00,106320.0,106365.0,106365.0,106320.0
571,13/11/2019 14:04:00,106370.0,106325.0,106370.0,106325.0
572,13/11/2019 14:05:26,106325.0,106385.0,106390.0,106325.0
573,13/11/2019 14:06:01,106385.0,106420.0,106435.0,106385.0
574,13/11/2019 14:07:01,106410.0,106425.0,106440.0,106410.0
575,13/11/2019 14:08:00,106425.0,106375.0,106425.0,106375.0
576,13/11/2019 14:09:00,106395.0,106395.0,106410.0,106380.0
577,13/11/2019 14:10:00,106380.0,106405.0,106405.0,106380.0
578,13/11/2019 14:11:00,106395.0,106375.0,106395.0,106350.0
579,13/11/2019 14:12:01,106390.0,106395.0,106400.0,106390.0
580,13/11/2019 14:13:00,106395.0,106400.0,106420.0,106390.0
581,13/11/2019 14:14:00,106400.0,106420.0,106420.0,106380.0
582,13/11/2019 14:15:00,106420.0,106460.0,106460.0,106380.0
583,13/11/2019 14:16:00,106460.0,106445.0,106485.0,106445.0
584,13/11/2019 14:17:12,106445.0,106470.0,106470.0,106415.0
585,13/11/2019 14:18:00,106495.0,106515.0,106515.0,106495.0
586,13/11/2019 14:19:01,106515.0,106535.0,106535.0,106485.0
587,13/11/2019 14:20:00,106535.0,106540.0,106565.0,106530.0
588,13/11/2019 14:21:05,106540.0,106525.0,106555.0,106515.0
589,13/11/2019 14:22:03,106525.0,106555.0,106555.0,106525.0
590,13/11/2019 14:23:00,106555.0,106535.0,106555.0,106520.0
591,13/11/2019 14:24:00,106535.0,106530.0,106565.0,106530.0
592,13/11/2019 14:25:00,106525.0,106520.0,106525.0,106500.0
593,13/11/2019 14:26:00,106520.0,106500.0,106530.0,106470.0
594,13/11/2019 14:27:00,106500.0,106500.0,106500.0,106480.0
595,13/11/2019 14:28:00,106505.0,106495.0,106505.0,106480.0
596,13/11/2019 14:29:00,106495.0,106500.0,106500.0,106485.0
597,13/11/2019 14:30:00,106500.0,106540.0,106555.0,106500.0
598,13/11/2019 14:31:01,106520.0,106560.0,106560.0,106520.0
599,13/11/2019 14:32:00,106555.0,106510.0,106555.0,106510.0
600,13/11/2019 14:33:00,106510.0,106520.0,106540.0,106510.0
601,13/11/2019 14:34:00,106520.0,106505.0,106520.0,106475.0
602,13/11/2019 14:35:00,106505.0,106495.0,106525.0,106495.0
603,13/11/2019 14:36:00,106490.0,106505.0,106510.0,106490.0
604,13/11/2019 14:37:01,106505.0,106485.0,106505.0,106440.0
605,13/11/2019 14:38:00,106485.0,106515.0,106520.0,106480.0
606,13/11/2019 14:39:00,106520.0,106640.0,106640.0,106520.0
607,13/11/2019 14:40:00,106640.0,106635.0,106660.0,106630.0
608,13/11/2019 14:41:01,106635.0,106610.0,106635.0,106590.0
609,13/11/2019 14:42:00,106610.0,106640.0,106655.0,106605.0
610,13/11/2019 14:43:00,106640.0,106675.0,106675.0,106630.0
611,13/11/2019 14:44:00,106675.0,106675.0,106685.0,106670.0
612,13/11/2019 14:45:03,106675.0,106700.0,106700.0,106630.0
613,13/11/2019 14:46:00,106715.0,106635.0,106715.0,106635.0
614,13/11/2019 14:47:01,106645.0,106650.0,106680.0,106640.0
615,13/11/2019 14:48:01,106650.0,106680.0,106685.0,106650.0
616,13/11/2019 14:49:16,106680.0,106705.0,106705.0,106670.0
617,13/11/2019 14:50:14,106705.0,106720.0,106735.0,106695.0
618,13/11/2019 14:51:01,106720.0,106690.0,106720.0,106690.0
619,13/11/2019 14:52:00,106690.0,106690.0,106700.0,106670.0
620,13/11/2019 14:53:00,106690.0,106680.0,106690.0,106665.0
621,13/11/2019 14:54:00,106680.0,106710.0,106710.0,106675.0
622,13/11/2019 14:55:00,106700.0,106715.0,106725.0,106680.0
623,13/11/2019 14:56:00,106715.0,106705.0,106720.0,106690.0
624,13/11/2019 14:57:21,106725.0,106705.0,106725.0,106705.0
625,13/11/2019 14:58:07,106700.0,106730.0,106735.0,106695.0
626,13/11/2019 14:59:00,106730.0,106640.0,106730.0,106640.0
627,13/11/2019 15:00:01,106640.0,106635.0,106650.0,106615.0
628,13/11/2019 15:01:22,106640.0,106625.0,106640.0,106625.0
629,13/11/2019 15:02:01,106625.0,106440.0,106630.0,106330.0
630,13/11/2019 15:03:00,106440.0,106470.0,106505.0,106440.0
631,13/11/2019 15:04:00,106470.0,106480.0,106485.0,106455.0
632,13/11/2019 15:05:01,106480.0,106510.0,106515.0,106480.0
633,13/11/2019 15:06:01,106510.0,106570.0,106590.0,106505.0
634,13/11/2019 15:07:01,106570.0,106550.0,106570.0,106545.0
635,13/11/2019 15:08:01,106550.0,106480.0,106550.0,106475.0
636,13/11/2019 15:09:05,106480.0,106510.0,106510.0,106475.0
637,13/11/2019 15:10:00,106525.0,106495.0,106525.0,106480.0
638,13/11/2019 15:11:01,106495.0,106445.0,106495.0,106410.0
639,13/11/2019 15:12:07,106445.0,106425.0,106460.0,106425.0
640,13/11/2019 15:13:00,106430.0,106435.0,106455.0,106430.0
641,13/11/2019 15:14:00,106435.0,106445.0,106460.0,106420.0
642,13/11/2019 15:15:00,106445.0,106425.0,106445.0,106410.0
643,13/11/2019 15:16:00,106425.0,106355.0,106425.0,106355.0
644,13/11/2019 15:17:00,106360.0,106410.0,106410.0,106350.0
645,13/11/2019 15:18:00,106410.0,106380.0,106430.0,106380.0
646,13/11/2019 15:19:01,106380.0,106440.0,106440.0,106380.0
647,13/11/2019 15:20:01,106440.0,106400.0,106440.0,106390.0
648,13/11/2019 15:21:01,106400.0,106400.0,106435.0,106400.0
649,13/11/2019 15:22:01,106400.0,106410.0,106415.0,106400.0
650,13/11/2019 15:23:01,106410.0,106440.0,106440.0,106400.0
651,13/11/2019 15:24:00,106440.0,106385.0,106440.0,106385.0
652,13/11/2019 15:25:00,106385.0,106345.0,106385.0,106345.0
653,13/11/2019 15:26:00,106350.0,106395.0,106395.0,106350.0
654,13/11/2019 15:27:00,106395.0,106345.0,106395.0,106345.0
655,13/11/2019 15:28:00,106345.0,106350.0,106360.0,106345.0
656,13/11/2019 15:29:01,106350.0,106265.0,106385.0,106260.0
657,13/11/2019 15:30:01,106265.0,106255.0,106265.0,106220.0
658,13/11/2019 15:31:00,106235.0,106250.0,106250.0,106215.0
659,13/11/2019 15:32:00,106250.0,106240.0,106250.0,106200.0
660,13/11/2019 15:33:01,106235.0,106190.0,106235.0,106180.0
661,13/11/2019 15:34:01,106190.0,106235.0,106235.0,106180.0
662,13/11/2019 15:35:00,106235.0,106230.0,106235.0,106205.0
663,13/11/2019 15:36:00,106230.0,106205.0,106230.0,106180.0
664,13/11/2019 15:37:00,106205.0,106165.0,106210.0,106165.0
665,13/11/2019 15:38:01,106165.0,106180.0,106190.0,106160.0
666,13/11/2019 15:39:02,106180.0,106170.0,106195.0,106160.0
667,13/11/2019 15:40:01,106170.0,106160.0,106170.0,106145.0
668,13/11/2019 15:41:01,106160.0,106125.0,106170.0,106095.0
669,13/11/2019 15:42:00,106125.0,106130.0,106155.0,106125.0
670,13/11/2019 15:43:14,106130.0,106185.0,106185.0,106130.0
671,13/11/2019 15:44:01,106185.0,106230.0,106235.0,106185.0
672,13/11/2019 15:45:02,106220.0,106175.0,106220.0,106175.0
673,13/11/2019 15:46:00,106175.0,106255.0,106255.0,106175.0
674,13/11/2019 15:47:00,106255.0,106245.0,106305.0,106220.0
675,13/11/2019 15:48:01,106230.0,106195.0,106230.0,106190.0
676,13/11/2019 15:49:01,106175.0,106180.0,106210.0,106170.0
677,13/11/2019 15:50:02,106155.0,106205.0,106205.0,106155.0
678,13/11/2019 15:51:00,106205.0,106160.0,106205.0,106160.0
679,13/11/2019 15:52:01,106160.0,106150.0,106165.0,106140.0
680,13/11/2019 15:53:04,106140.0,106210.0,106210.0,106140.0
681,13/11/2019 15:54:00,106210.0,106190.0,106220.0,106190.0
682,13/11/2019 15:55:01,106190.0,106165.0,106190.0,106160.0
683,13/11/2019 15:56:00,106155.0,106185.0,106185.0,106150.0
684,13/11/2019 15:57:01,106185.0,106205.0,106215.0,106160.0
685,13/11/2019 15:58:01,106205.0,106180.0,106215.0,106175.0
686,13/11/2019 15:59:01,106180.0,106175.0,106185.0,106165.0
687,13/11/2019 16:00:02,106175.0,106185.0,106185.0,106165.0
688,13/11/2019 16:01:01,106185.0,106205.0,106205.0,106175.0
689,13/11/2019 16:02:01,106205.0,106200.0,106210.0,106185.0
690,13/11/2019 16:03:01,106200.0,106195.0,106200.0,106170.0
691,13/11/2019 16:04:00,106195.0,106220.0,106225.0,106190.0
692,13/11/2019 16:05:01,106220.0,106255.0,106255.0,106200.0
693,13/11/2019 16:06:00,106255.0,106245.0,106265.0,106235.0
694,13/11/2019 16:07:00,106245.0,106275.0,106290.0,106225.0
695,13/11/2019 16:08:01,106275.0,106310.0,106310.0,106275.0
696,13/11/2019 16:09:01,106305.0,106315.0,106330.0,106305.0
697,13/11/2019 16:10:01,106320.0,106280.0,106330.0,106280.0
698,13/11/2019 16:11:00,106280.0,106265.0,106285.0,106255.0
699,13/11/2019 16:12:00,106260.0,106090.0,106285.0,106090.0
700,13/11/2019 16:13:00,106000.0,105900.0,106070.0,105895.0
701,13/11/2019 16:14:00,105900.0,105820.0,105945.0,105810.0
702,13/11/2019 16:15:01,105820.0,105950.0,105955.0,105820.0
703,13/11/2019 16:16:00,105950.0,105960.0,105960.0,105890.0
704,13/11/2019 16:17:00,105995.0,105895.0,105995.0,105885.0
705,13/11/2019 16:18:01,105865.0,105905.0,105915.0,105850.0
706,13/11/2019 16:19:01,105905.0,105935.0,105935.0,105885.0
707,13/11/2019 16:20:03,105935.0,106020.0,106025.0,105935.0
708,13/11/2019 16:21:00,106040.0,106060.0,106060.0,106030.0
709,13/11/2019 16:22:01,106060.0,106060.0,106110.0,106055.0
710,13/11/2019 16:23:02,106060.0,106010.0,106060.0,106010.0
711,13/11/2019 16:24:00,105995.0,106000.0,106030.0,105980.0
712,13/11/2019 16:25:00,106000.0,106045.0,106050.0,105960.0
713,13/11/2019 16:26:02,106010.0,105995.0,106030.0,105995.0
714,13/11/2019 16:27:01,105995.0,106005.0,106025.0,105990.0
715,13/11/2019 16:28:01,106005.0,106030.0,106070.0,105995.0
716,13/11/2019 16:29:00,106020.0,105970.0,106020.0,105970.0
717,13/11/2019 16:30:00,105965.0,105975.0,105980.0,105960.0
718,13/11/2019 16:31:02,105975.0,105880.0,105975.0,105855.0
719,13/11/2019 16:32:00,105860.0,105920.0,105920.0,105860.0
720,13/11/2019 16:33:00,105920.0,105915.0,105920.0,105890.0
721,13/11/2019 16:34:00,105915.0,105885.0,105945.0,105885.0
722,13/11/2019 16:35:01,105885.0,105865.0,105900.0,105855.0
723,13/11/2019 16:36:01,105870.0,105880.0,105920.0,105870.0
724,13/11/2019 16:37:01,105880.0,105895.0,105895.0,105870.0
725,13/11/2019 16:38:00,105890.0,105895.0,105895.0,105875.0
726,13/11/2019 16:39:00,105870.0,105840.0,105890.0,105835.0
727,13/11/2019 16:40:00,105840.0,105815.0,105840.0,105805.0
728,13/11/2019 16:41:00,105815.0,105785.0,105840.0,105760.0
729,13/11/2019 16:42:01,105785.0,105795.0,105815.0,105785.0
730,13/11/2019 16:43:01,105795.0,105825.0,105855.0,105795.0
731,13/11/2019 16:44:00,105825.0,105820.0,105830.0,105805.0
732,13/11/2019 16:45:00,105820.0,105840.0,105860.0,105785.0
733,13/11/2019 16:46:04,105840.0,105900.0,105905.0,105840.0
734,13/11/2019 16:47:01,105900.0,105910.0,105910.0,105870.0
735,13/11/2019 16:48:01,105895.0,105885.0,105910.0,105885.0
736,13/11/2019 16:49:00,105885.0,105895.0,105895.0,105865.0
737,13/11/2019 16:50:00,105895.0,105895.0,105910.0,105880.0
738,13/11/2019 16:51:00,105895.0,105880.0,105900.0,105875.0
739,13/11/2019 16:52:00,105880.0,105910.0,105910.0,105875.0
740,13/11/2019 16:53:00,105910.0,105875.0,105910.0,105860.0
741,13/11/2019 16:54:00,105875.0,105855.0,105900.0,105855.0
742,13/11/2019 16:55:00,105855.0,105895.0,105895.0,105855.0
743,13/11/2019 16:56:02,105895.0,105885.0,105895.0,105850.0
744,13/11/2019 16:57:00,105885.0,105965.0,105975.0,105885.0
745,13/11/2019 16:58:00,105955.0,106000.0,106030.0,105955.0
746,13/11/2019 16:59:00,105990.0,105960.0,105990.0,105955.0
747,13/11/2019 17:00:01,105960.0,105925.0,105960.0,105910.0
748,13/11/2019 17:01:01,105925.0,105885.0,105925.0,105870.0
749,13/11/2019 17:02:00,105885.0,105830.0,105885.0,105810.0
750,13/11/2019 17:03:00,105830.0,105785.0,105830.0,105785.0
751,13/11/2019 17:04:00,105775.0,105835.0,105835.0,105775.0
752,13/11/2019 17:05:00,105835.0,105740.0,105850.0,105725.0
753,13/11/2019 17:06:00,105760.0,105715.0,105760.0,105695.0
754,13/11/2019 17:07:00,105715.0,105770.0,105770.0,105715.0
755,13/11/2019 17:08:01,105770.0,105700.0,105780.0,105675.0
756,13/11/2019 17:09:00,105700.0,105710.0,105710.0,105655.0
757,13/11/2019 17:10:00,105710.0,105675.0,105710.0,105645.0
758,13/11/2019 17:11:00,105675.0,105680.0,105700.0,105675.0
759,13/11/2019 17:12:01,105685.0,105755.0,105755.0,105685.0
760,13/11/2019 17:13:00,105755.0,105835.0,105840.0,105750.0
761,13/11/2019 17:14:00,105835.0,105860.0,105860.0,105815.0
762,13/11/2019 17:15:00,105860.0,105905.0,105910.0,105860.0
763,13/11/2019 17:16:00,105905.0,105950.0,105950.0,105905.0
764,13/11/2019 17:17:00,105965.0,105875.0,105965.0,105865.0
765,13/11/2019 17:18:02,105875.0,105855.0,105880.0,105850.0
766,13/11/2019 17:19:00,105855.0,105985.0,105985.0,105855.0
767,13/11/2019 17:20:00,105985.0,106140.0,106140.0,105985.0
768,13/11/2019 17:21:00,106140.0,106185.0,106195.0,106110.0
769,13/11/2019 17:22:00,106185.0,106275.0,106275.0,106175.0
770,13/11/2019 17:23:01,106275.0,106170.0,106295.0,106170.0
771,13/11/2019 17:24:00,106175.0,106260.0,106260.0,106160.0
772,13/11/2019 17:25:00,106260.0,106315.0,106315.0,106235.0
773,13/11/2019 17:26:01,106310.0,106165.0,106310.0,106145.0
774,13/11/2019 17:27:00,106135.0,106150.0,106155.0,106135.0
775,13/11/2019 17:28:00,106150.0,106215.0,106230.0,106150.0
776,13/11/2019 17:29:01,106215.0,106215.0,106250.0,106195.0
777,13/11/2019 17:30:00,106200.0,106185.0,106215.0,106175.0
778,13/11/2019 17:31:01,106185.0,106155.0,106200.0,106155.0
779,13/11/2019 17:32:00,106145.0,106165.0,106170.0,106140.0
780,13/11/2019 17:33:00,106165.0,106140.0,106165.0,106135.0
781,13/11/2019 17:34:01,106135.0,106130.0,106155.0,106110.0
782,13/11/2019 17:35:00,106130.0,106125.0,106135.0,106105.0
783,13/11/2019 17:36:00,106125.0,106155.0,106170.0,106125.0
784,13/11/2019 17:37:01,106155.0,106135.0,106160.0,106110.0
785,13/11/2019 17:38:02,106125.0,106110.0,106125.0,106090.0
786,13/11/2019 17:39:00,106095.0,106140.0,106140.0,106085.0
787,13/11/2019 17:40:00,106140.0,106220.0,106220.0,106140.0
788,13/11/2019 17:41:00,106220.0,106255.0,106280.0,106220.0
789,13/11/2019 17:42:00,106230.0,106280.0,106280.0,106230.0
790,13/11/2019 17:43:00,106280.0,106360.0,106370.0,106250.0
791,13/11/2019 17:44:00,106360.0,106415.0,106415.0,106335.0
792,13/11/2019 17:45:07,106415.0,106370.0,106415.0,106330.0
793,13/11/2019 17:46:02,106380.0,106415.0,106415.0,106355.0
794,13/11/2019 17:47:00,106360.0,106325.0,106370.0,106325.0
795,13/11/2019 17:48:00,106325.0,106305.0,106350.0,106285.0
796,13/11/2019 17:49:00,106305.0,106335.0,106335.0,106290.0
797,13/11/2019 17:50:00,106340.0,106480.0,106505.0,106340.0
798,13/11/2019 17:51:01,106480.0,106490.0,106490.0,106445.0
799,13/11/2019 17:52:00,106480.0,106440.0,106490.0,106440.0
800,13/11/2019 17:53:01,106425.0,106445.0,106445.0,106365.0
801,14/11/2019 12:18:00,107010.0,107025.0,107025.0,107000.0
802,14/11/2019 12:19:00,107025.0,107135.0,107135.0,107025.0
803,14/11/2019 12:20:00,107135.0,107150.0,107155.0,107130.0
804,14/11/2019 12:21:00,107150.0,107055.0,107150.0,107045.0
805,14/11/2019 12:22:00,107040.0,107050.0,107090.0,107040.0
806,14/11/2019 12:23:01,107030.0,107050.0,107050.0,107005.0
807,14/11/2019 12:24:00,107050.0,107035.0,107060.0,107025.0
808,14/11/2019 12:25:00,107035.0,106950.0,107050.0,106930.0
809,14/11/2019 12:26:00,106950.0,106980.0,106980.0,106870.0
810,14/11/2019 12:27:00,106980.0,107010.0,107010.0,106930.0
811,14/11/2019 12:28:00,107010.0,107000.0,107035.0,106995.0
812,14/11/2019 12:29:00,107000.0,107000.0,107005.0,106980.0
813,14/11/2019 12:30:00,107000.0,106990.0,107005.0,106985.0
814,14/11/2019 12:31:00,106990.0,107005.0,107005.0,106975.0
815,14/11/2019 12:32:00,107005.0,106985.0,107020.0,106975.0
816,14/11/2019 12:33:00,106985.0,106980.0,106990.0,106965.0
817,14/11/2019 12:34:00,106975.0,106975.0,107000.0,106960.0
818,14/11/2019 12:35:02,106975.0,107005.0,107005.0,106945.0
819,14/11/2019 12:36:01,107005.0,107040.0,107040.0,107005.0
820,14/11/2019 12:37:02,107040.0,107040.0,107040.0,107010.0
821,14/11/2019 12:38:00,107040.0,106980.0,107040.0,106980.0
822,14/11/2019 12:39:00,106980.0,106965.0,106995.0,106965.0
823,14/11/2019 12:40:00,106985.0,106990.0,106995.0,106955.0
824,14/11/2019 12:41:00,106990.0,107005.0,107030.0,106980.0
825,14/11/2019 12:42:00,107005.0,106965.0,107005.0,106935.0
826,14/11/2019 12:43:00,106965.0,106975.0,107000.0,106965.0
827,14/11/2019 12:44:00,106975.0,106895.0,106975.0,106895.0
828,14/11/2019 12:45:00,106895.0,106840.0,106895.0,106840.0
829,14/11/2019 12:46:00,106840.0,106845.0,106845.0,106815.0
830,14/11/2019 12:47:00,106845.0,106830.0,106855.0,106820.0
831,14/11/2019 12:48:00,106830.0,106880.0,106880.0,106810.0
832,14/11/2019 12:49:01,106850.0,106875.0,106875.0,106830.0
833,14/11/2019 12:50:00,106875.0,106865.0,106875.0,106840.0
834,14/11/2019 12:51:00,106865.0,106900.0,106915.0,106865.0
835,14/11/2019 12:52:00,106905.0,106930.0,106940.0,106890.0
836,14/11/2019 12:53:00,106930.0,106905.0,106935.0,106905.0
837,14/11/2019 12:54:00,106905.0,106905.0,106905.0,106890.0
838,14/11/2019 12:55:00,106905.0,106870.0,106905.0,106860.0
839,14/11/2019 12:56:00,106870.0,106875.0,106875.0,106840.0
840,14/11/2019 12:57:01,106875.0,106890.0,106890.0,106875.0
841,14/11/2019 12:58:00,106890.0,106895.0,106900.0,106890.0
842,14/11/2019 12:59:00,106895.0,106890.0,106910.0,106885.0
843,14/11/2019 13:00:00,106890.0,106885.0,106890.0,106855.0
844,14/11/2019 13:01:00,106885.0,106820.0,106895.0,106810.0
845,14/11/2019 13:02:00,106820.0,106815.0,106820.0,106785.0
846,14/11/2019 13:03:00,106815.0,106825.0,106835.0,106810.0
847,14/11/2019 13:04:00,106825.0,106815.0,106825.0,106800.0
848,14/11/2019 13:05:00,106815.0,106865.0,106865.0,106815.0
849,14/11/2019 13:06:02,106865.0,106815.0,106880.0,106815.0
850,14/11/2019 13:07:00,106815.0,106825.0,106835.0,106805.0
851,14/11/2019 13:08:00,106825.0,106795.0,106830.0,106775.0
852,14/11/2019 13:09:00,106795.0,106825.0,106830.0,106785.0
853,14/11/2019 13:10:00,106820.0,106825.0,106825.0,106785.0
854,14/11/2019 13:11:00,106825.0,106795.0,106825.0,106795.0
855,14/11/2019 13:12:00,106795.0,106755.0,106795.0,106755.0
856,14/11/2019 13:13:00,106755.0,106700.0,106755.0,106700.0
857,14/11/2019 13:14:00,106700.0,106700.0,106715.0,106695.0
858,14/11/2019 13:15:00,106700.0,106645.0,106700.0,106630.0
859,14/11/2019 13:16:01,106645.0,106670.0,106685.0,106645.0
860,14/11/2019 13:17:00,106670.0,106650.0,106690.0,106650.0
861,14/11/2019 13:18:00,106650.0,106665.0,106665.0,106650.0
862,14/11/2019 13:19:00,106665.0,106655.0,106665.0,106635.0
863,14/11/2019 13:20:00,106655.0,106705.0,106705.0,106650.0
864,14/11/2019 13:21:00,106705.0,106745.0,106750.0,106695.0
865,14/11/2019 13:22:00,106745.0,106730.0,106765.0,106730.0
866,14/11/2019 13:23:01,106730.0,106740.0,106750.0,106720.0
867,14/11/2019 13:24:00,106740.0,106775.0,106780.0,106740.0
868,14/11/2019 13:25:01,106775.0,106760.0,106775.0,106760.0
869,14/11/2019 13:26:00,106760.0,106775.0,106775.0,106755.0
870,14/11/2019 13:27:00,106775.0,106785.0,106800.0,106760.0
871,14/11/2019 13:28:00,106785.0,106765.0,106795.0,106765.0
872,14/11/2019 13:29:00,106765.0,106800.0,106800.0,106760.0
873,14/11/2019 13:30:01,106800.0,106760.0,106805.0,106760.0
874,14/11/2019 13:31:01,106775.0,106815.0,106835.0,106760.0
875,14/11/2019 13:32:00,106815.0,106865.0,106865.0,106805.0
876,14/11/2019 13:33:00,106865.0,106850.0,106865.0,106845.0
877,14/11/2019 13:34:00,106850.0,106865.0,106865.0,106845.0
878,14/11/2019 13:35:00,106865.0,106860.0,106885.0,106860.0
879,14/11/2019 13:36:00,106860.0,106845.0,106870.0,106845.0
880,14/11/2019 13:37:02,106845.0,106795.0,106855.0,106795.0
881,14/11/2019 13:38:01,106780.0,106815.0,106815.0,106760.0
882,14/11/2019 13:39:01,106815.0,106815.0,106845.0,106815.0
883,14/11/2019 13:40:00,106815.0,106850.0,106850.0,106790.0
884,14/11/2019 13:41:00,106845.0,106830.0,106860.0,106830.0
885,14/11/2019 13:42:00,106830.0,106860.0,106860.0,106830.0
886,14/11/2019 13:43:00,106860.0,106795.0,106875.0,106785.0
887,14/11/2019 13:44:00,106795.0,106800.0,106820.0,106795.0
888,14/11/2019 13:45:00,106800.0,106785.0,106800.0,106770.0
889,14/11/2019 13:46:02,106785.0,106805.0,106810.0,106760.0
890,14/11/2019 13:47:01,106805.0,106805.0,106825.0,106805.0
891,14/11/2019 13:48:00,106805.0,106840.0,106840.0,106770.0
892,14/11/2019 13:49:00,106840.0,106790.0,106840.0,106790.0
893,14/11/2019 13:50:00,106795.0,106715.0,106795.0,106715.0
894,14/11/2019 13:51:00,106700.0,106685.0,106720.0,106665.0
895,14/11/2019 13:52:00,106685.0,106725.0,106725.0,106685.0
896,14/11/2019 13:53:01,106725.0,106710.0,106750.0,106660.0
897,14/11/2019 13:54:00,106710.0,106690.0,106720.0,106675.0
898,14/11/2019 13:55:00,106690.0,106715.0,106730.0,106690.0
899,14/11/2019 13:56:00,106715.0,106675.0,106720.0,106675.0
900,14/11/2019 13:57:00,106705.0,106665.0,106705.0,106665.0
901,14/11/2019 13:58:00,106665.0,106635.0,106695.0,106635.0
902,14/11/2019 13:59:00,106635.0,106585.0,106650.0,106585.0
903,14/11/2019 14:00:01,106585.0,106500.0,106585.0,106490.0
904,14/11/2019 14:01:00,106500.0,106535.0,106535.0,106475.0
905,14/11/2019 14:02:00,106535.0,106565.0,106570.0,106535.0
906,14/11/2019 14:03:01,106565.0,106500.0,106580.0,106500.0
907,14/11/2019 14:04:00,106500.0,106455.0,106500.0,106415.0
908,14/11/2019 14:05:00,106455.0,106465.0,106500.0,106435.0
909,14/11/2019 14:06:00,106460.0,106465.0,106490.0,106450.0
910,14/11/2019 14:07:01,106465.0,106500.0,106510.0,106460.0
911,14/11/2019 14:08:00,106500.0,106495.0,106500.0,106470.0
912,14/11/2019 14:09:00,106495.0,106500.0,106510.0,106495.0
913,14/11/2019 14:10:00,106500.0,106575.0,106575.0,106500.0
914,14/11/2019 14:11:00,106575.0,106580.0,106600.0,106565.0
915,14/11/2019 14:12:00,106580.0,106595.0,106605.0,106580.0
916,14/11/2019 14:13:00,106595.0,106600.0,106605.0,106585.0
917,14/11/2019 14:14:00,106600.0,106585.0,106600.0,106575.0
918,14/11/2019 14:15:00,106570.0,106510.0,106575.0,106510.0
919,14/11/2019 14:16:01,106510.0,106545.0,106570.0,106510.0
920,14/11/2019 14:17:00,106545.0,106560.0,106575.0,106545.0
921,14/11/2019 14:18:00,106560.0,106570.0,106570.0,106550.0
922,14/11/2019 14:19:00,106575.0,106595.0,106600.0,106560.0
923,14/11/2019 14:20:00,106595.0,106575.0,106595.0,106555.0
924,14/11/2019 14:21:00,106575.0,106550.0,106585.0,106550.0
925,14/11/2019 14:22:00,106550.0,106550.0,106555.0,106535.0
926,14/11/2019 14:23:01,106545.0,106540.0,106550.0,106530.0
927,14/11/2019 14:24:00,106555.0,106580.0,106585.0,106555.0
928,14/11/2019 14:25:00,106580.0,106595.0,106620.0,106580.0
929,14/11/2019 14:26:00,106595.0,106565.0,106595.0,106555.0
930,14/11/2019 14:27:00,106565.0,106550.0,106570.0,106540.0
931,14/11/2019 14:28:00,106550.0,106580.0,106590.0,106550.0
932,14/11/2019 14:29:01,106580.0,106575.0,106585.0,106565.0
933,14/11/2019 14:30:00,106575.0,106545.0,106575.0,106545.0
934,14/11/2019 14:31:00,106545.0,106510.0,106550.0,106485.0
935,14/11/2019 14:32:00,106510.0,106550.0,106550.0,106505.0
936,14/11/2019 14:33:00,106550.0,106580.0,106580.0,106550.0
937,14/11/2019 14:34:01,106580.0,106580.0,106595.0,106580.0
938,14/11/2019 14:35:00,106580.0,106600.0,106600.0,106575.0
939,14/11/2019 14:36:00,106600.0,106610.0,106625.0,106575.0
940,14/11/2019 14:37:00,106610.0,106630.0,106640.0,106610.0
941,14/11/2019 14:38:00,106630.0,106625.0,106645.0,106625.0
942,14/11/2019 14:39:00,106625.0,106610.0,106625.0,106605.0
943,14/11/2019 14:40:00,106620.0,106620.0,106620.0,106590.0
944,14/11/2019 14:41:00,106620.0,106635.0,106660.0,106620.0
945,14/11/2019 14:42:00,106635.0,106675.0,106675.0,106635.0
946,14/11/2019 14:43:00,106675.0,106705.0,106725.0,106675.0
947,14/11/2019 14:44:00,106705.0,106830.0,106830.0,106700.0
948,14/11/2019 14:45:00,106830.0,106815.0,106830.0,106810.0
949,14/11/2019 14:46:00,106815.0,106800.0,106815.0,106785.0
950,14/11/2019 14:47:00,106805.0,106830.0,106880.0,106805.0
951,14/11/2019 14:48:00,106840.0,106840.0,106850.0,106820.0
952,14/11/2019 14:49:00,106840.0,106850.0,106855.0,106830.0
953,14/11/2019 14:50:00,106850.0,106850.0,106850.0,106825.0
954,14/11/2019 14:51:00,106850.0,106830.0,106850.0,106820.0
955,14/11/2019 14:52:00,106830.0,106850.0,106850.0,106815.0
956,14/11/2019 14:53:00,106850.0,106885.0,106900.0,106850.0
957,14/11/2019 14:54:00,106885.0,106840.0,106885.0,106840.0
958,14/11/2019 14:55:00,106850.0,106855.0,106855.0,106845.0
959,14/11/2019 14:56:03,106855.0,106860.0,106860.0,106845.0
960,14/11/2019 14:57:00,106880.0,106905.0,106905.0,106870.0
961,14/11/2019 14:58:00,106900.0,106915.0,106925.0,106900.0
962,14/11/2019 14:59:00,106915.0,106905.0,106920.0,106895.0
963,14/11/2019 15:00:01,106905.0,106890.0,106925.0,106880.0
964,14/11/2019 15:01:00,106890.0,106890.0,106890.0,106860.0
965,14/11/2019 15:02:00,106890.0,106875.0,106890.0,106870.0
966,14/11/2019 15:03:01,106875.0,106845.0,106875.0,106835.0
967,14/11/2019 15:04:00,106845.0,106835.0,106845.0,106815.0
968,14/11/2019 15:05:00,106835.0,106860.0,106860.0,106815.0
969,14/11/2019 15:06:00,106860.0,106800.0,106860.0,106800.0
970,14/11/2019 15:07:00,106800.0,106780.0,106805.0,106775.0
971,14/11/2019 15:08:00,106780.0,106755.0,106790.0,106755.0
972,14/11/2019 15:09:01,106755.0,106810.0,106810.0,106750.0
973,14/11/2019 15:10:00,106805.0,106805.0,106825.0,106805.0
974,14/11/2019 15:11:00,106805.0,106800.0,106815.0,106800.0
975,14/11/2019 15:12:00,106800.0,106785.0,106820.0,106780.0
976,14/11/2019 15:13:01,106785.0,106825.0,106830.0,106785.0
977,14/11/2019 15:14:00,106825.0,106860.0,106860.0,106820.0
978,14/11/2019 15:15:01,106860.0,106830.0,106870.0,106830.0
979,14/11/2019 15:16:00,106830.0,106860.0,106865.0,106825.0
980,14/11/2019 15:17:01,106840.0,106825.0,106840.0,106820.0
981,14/11/2019 15:18:00,106830.0,106820.0,106835.0,106815.0
982,14/11/2019 15:19:00,106820.0,106825.0,106835.0,106815.0
983,14/11/2019 15:20:00,106825.0,106800.0,106845.0,106800.0
984,14/11/2019 15:21:01,106800.0,106825.0,106825.0,106780.0
985,14/11/2019 15:22:00,106820.0,106815.0,106820.0,106795.0
986,14/11/2019 15:23:00,106815.0,106820.0,106825.0,106800.0
987,14/11/2019 15:24:00,106820.0,106810.0,106825.0,106810.0
988,14/11/2019 15:25:01,106810.0,106795.0,106810.0,106770.0
989,14/11/2019 15:26:00,106795.0,106785.0,106795.0,106775.0
990,14/11/2019 15:27:00,106785.0,106810.0,106820.0,106775.0
991,14/11/2019 15:28:00,106810.0,106805.0,106815.0,106785.0
992,14/11/2019 15:29:00,106805.0,106815.0,106815.0,106805.0
993,14/11/2019 15:30:04,106805.0,106810.0,106820.0,106800.0
994,14/11/2019 15:31:01,106810.0,106810.0,106810.0,106800.0
995,14/11/2019 15:32:00,106820.0,106810.0,106820.0,106790.0
996,14/11/2019 15:33:00,106810.0,106805.0,106810.0,106800.0
997,14/11/2019 15:34:00,106805.0,106780.0,106825.0,106780.0
998,14/11/2019 15:35:01,106780.0,106810.0,106810.0,106780.0
999,14/11/2019 15:36:00,106815.0,106810.0,106820.0,106805.0
1000,14/11/2019 15:37:00,106810.0,106780.0,106820.0,106780.0
1001,14/11/2019 15:38:00,106780.0,106740.0,106780.0,106735.0
1002,14/11/2019 15:39:00,106740.0,106725.0,106740.0,106715.0
1003,14/11/2019 15:40:00,106725.0,106710.0,106725.0,106690.0
1004,14/11/2019 15:41:00,106710.0,106715.0,106715.0,106700.0
1005,14/11/2019 15:42:00,106715.0,106660.0,106715.0,106655.0
1006,14/11/2019 15:43:00,106660.0,106670.0,106670.0,106650.0
1007,14/11/2019 15:44:00,106670.0,106705.0,106705.0,106660.0
1008,14/11/2019 15:45:00,106705.0,106750.0,106750.0,106705.0
1009,14/11/2019 15:46:00,106745.0,106735.0,106745.0,106725.0
1010,14/11/2019 15:47:04,106735.0,106700.0,106735.0,106700.0
1011,14/11/2019 15:48:00,106700.0,106720.0,106730.0,106700.0
1012,14/11/2019 15:49:01,106705.0,106735.0,106735.0,106700.0
1013,14/11/2019 15:50:00,106735.0,106740.0,106745.0,106725.0
1014,14/11/2019 15:51:01,106740.0,106785.0,106785.0,106730.0
1015,14/11/2019 15:52:00,106785.0,106785.0,106785.0,106775.0
1016,14/11/2019 15:53:02,106785.0,106810.0,106810.0,106765.0
1017,14/11/2019 15:54:00,106810.0,106785.0,106815.0,106785.0
1018,14/11/2019 15:55:00,106785.0,106845.0,106845.0,106785.0
1019,14/11/2019 15:56:00,106845.0,106855.0,106880.0,106845.0
1020,14/11/2019 15:57:01,106855.0,106820.0,106855.0,106820.0
1021,14/11/2019 15:58:00,106820.0,106805.0,106820.0,106805.0
1022,14/11/2019 15:59:00,106805.0,106795.0,106805.0,106795.0
1023,14/11/2019 16:00:01,106795.0,106805.0,106810.0,106795.0
1024,14/11/2019 16:01:04,106805.0,106820.0,106830.0,106790.0
1025,14/11/2019 16:02:00,106820.0,106820.0,106835.0,106815.0
1026,14/11/2019 16:03:00,106820.0,106835.0,106835.0,106820.0
1027,14/11/2019 16:04:00,106835.0,106835.0,106835.0,106820.0
1028,14/11/2019 16:05:00,106835.0,106835.0,106850.0,106830.0
1029,14/11/2019 16:06:00,106835.0,106865.0,106865.0,106835.0
1030,14/11/2019 16:07:00,106865.0,106865.0,106875.0,106845.0
1031,14/11/2019 16:08:01,106865.0,106810.0,106865.0,106810.0
1032,14/11/2019 16:09:01,106810.0,106825.0,106825.0,106805.0
1033,14/11/2019 16:10:00,106825.0,106845.0,106845.0,106820.0
1034,14/11/2019 16:11:00,106845.0,106805.0,106855.0,106805.0
1035,14/11/2019 16:12:01,106805.0,106835.0,106845.0,106805.0
1036,14/11/2019 16:13:00,106835.0,106655.0,106835.0,106615.0
1037,14/11/2019 16:14:00,106655.0,106700.0,106715.0,106610.0
1038,14/11/2019 16:15:00,106700.0,106675.0,106705.0,106660.0
1039,14/11/2019 16:16:02,106675.0,106795.0,106795.0,106650.0
1040,14/11/2019 16:17:00,106795.0,106755.0,106795.0,106755.0
1041,14/11/2019 16:18:06,106755.0,106750.0,106765.0,106735.0
1042,14/11/2019 16:19:00,106750.0,106770.0,106775.0,106750.0
1043,14/11/2019 16:20:00,106770.0,106755.0,106780.0,106755.0
1044,14/11/2019 16:21:00,106755.0,106805.0,106805.0,106755.0
1045,14/11/2019 16:22:00,106805.0,106810.0,106810.0,106770.0
1046,14/11/2019 16:23:00,106810.0,106815.0,106825.0,106780.0
1047,14/11/2019 16:24:01,106815.0,106795.0,106840.0,106795.0
1048,14/11/2019 16:25:00,106795.0,106800.0,106810.0,106785.0
1049,14/11/2019 16:26:00,106800.0,106825.0,106830.0,106800.0
1050,14/11/2019 16:27:03,106825.0,106830.0,106845.0,106820.0
1051,14/11/2019 16:28:00,106830.0,106835.0,106850.0,106825.0
1052,14/11/2019 16:29:05,106835.0,106845.0,106865.0,106835.0
1053,14/11/2019 16:30:02,106850.0,106870.0,106885.0,106850.0
1054,14/11/2019 16:31:01,106870.0,106895.0,106920.0,106865.0
1055,14/11/2019 16:32:00,106895.0,106880.0,106905.0,106870.0
1056,14/11/2019 16:33:00,106880.0,106895.0,106915.0,106865.0
1057,14/11/2019 16:34:00,106895.0,106875.0,106895.0,106875.0
1058,14/11/2019 16:35:00,106875.0,106855.0,106875.0,106830.0
1059,14/11/2019 16:36:05,106855.0,106820.0,106855.0,106815.0
1060,14/11/2019 16:37:00,106820.0,106810.0,106825.0,106805.0
1061,14/11/2019 16:38:02,106810.0,106845.0,106850.0,106810.0
1062,14/11/2019 16:39:00,106840.0,106855.0,106870.0,106835.0
1063,14/11/2019 16:40:06,106855.0,106845.0,106875.0,106835.0
1064,14/11/2019 16:41:00,106845.0,106840.0,106855.0,106835.0
1065,14/11/2019 16:42:02,106840.0,106860.0,106860.0,106815.0
1066,14/11/2019 16:43:01,106860.0,106855.0,106860.0,106845.0
1067,14/11/2019 16:44:01,106855.0,106850.0,106860.0,106840.0
1068,14/11/2019 16:45:03,106850.0,106845.0,106855.0,106835.0
1069,14/11/2019 16:46:00,106845.0,106865.0,106865.0,106840.0
1070,14/11/2019 16:47:00,106865.0,106835.0,106865.0,106835.0
1071,14/11/2019 16:48:01,106835.0,106840.0,106850.0,106835.0
1072,14/11/2019 16:49:04,106840.0,106865.0,106880.0,106840.0
1073,14/11/2019 16:50:04,106865.0,106845.0,106865.0,106835.0
1074,14/11/2019 16:51:03,106845.0,106825.0,106845.0,106825.0
1075,14/11/2019 16:52:01,106825.0,106820.0,106845.0,106820.0
1076,14/11/2019 16:53:00,106820.0,106835.0,106835.0,106805.0
1077,14/11/2019 16:54:00,106825.0,106780.0,106830.0,106765.0
1078,14/11/2019 16:55:01,106780.0,106810.0,106810.0,106780.0
1079,14/11/2019 16:56:00,106810.0,106820.0,106830.0,106805.0
1080,14/11/2019 16:57:06,106820.0,106840.0,106840.0,106815.0
1081,14/11/2019 16:58:00,106840.0,106835.0,106855.0,106835.0
1082,14/11/2019 16:59:00,106845.0,106865.0,106865.0,106835.0
1083,14/11/2019 17:00:00,106875.0,106920.0,106920.0,106865.0
1084,14/11/2019 17:01:03,106920.0,106900.0,106935.0,106890.0
1085,14/11/2019 17:02:00,106900.0,106910.0,106915.0,106895.0
1086,14/11/2019 17:03:00,106910.0,106975.0,106980.0,106900.0
1087,14/11/2019 17:04:00,106975.0,106995.0,107015.0,106975.0
1088,14/11/2019 17:05:00,106995.0,106935.0,106995.0,106935.0
1089,14/11/2019 17:06:01,106935.0,106970.0,106975.0,106930.0
1090,14/11/2019 17:07:01,106970.0,106970.0,107000.0,106965.0
1091,14/11/2019 17:08:00,106970.0,106960.0,106970.0,106945.0
1092,14/11/2019 17:09:04,106960.0,106925.0,106960.0,106925.0
1093,14/11/2019 17:10:01,106925.0,106975.0,106975.0,106925.0
1094,14/11/2019 17:11:00,106975.0,106980.0,106980.0,106965.0
1095,14/11/2019 17:12:00,106980.0,106960.0,106980.0,106960.0
1096,14/11/2019 17:13:00,106960.0,106920.0,106960.0,106920.0
1097,14/11/2019 17:14:00,106920.0,106895.0,106920.0,106895.0
1098,14/11/2019 17:15:01,106900.0,106965.0,106990.0,106900.0
1099,14/11/2019 17:16:00,106965.0,106960.0,106970.0,106950.0
1100,14/11/2019 17:17:00,106955.0,106930.0,106955.0,106930.0
1101,14/11/2019 17:18:00,106930.0,106925.0,106950.0,106925.0
1102,14/11/2019 17:19:00,106925.0,106910.0,106935.0,106910.0
1103,14/11/2019 17:20:01,106895.0,106915.0,106920.0,106890.0
1104,14/11/2019 17:21:00,106915.0,106935.0,106950.0,106915.0
1105,14/11/2019 17:22:00,106935.0,106920.0,106940.0,106910.0
1106,14/11/2019 17:23:01,106910.0,106950.0,106950.0,106900.0
1107,14/11/2019 17:24:00,106950.0,106945.0,106955.0,106935.0
1108,14/11/2019 17:25:00,106945.0,106955.0,106985.0,106945.0
1109,14/11/2019 17:26:00,106950.0,106905.0,106950.0,106890.0
1110,14/11/2019 17:27:00,106905.0,106895.0,106910.0,106865.0
1111,14/11/2019 17:28:00,106895.0,106880.0,106900.0,106880.0
1112,14/11/2019 17:29:00,106880.0,106895.0,106900.0,106880.0
1113,14/11/2019 17:30:00,106895.0,106895.0,106895.0,106850.0
1114,14/11/2019 17:31:00,106895.0,106890.0,106905.0,106890.0
1115,14/11/2019 17:32:00,106890.0,106885.0,106895.0,106885.0
1116,14/11/2019 17:33:00,106885.0,106885.0,106895.0,106875.0
1117,14/11/2019 17:34:00,106885.0,106870.0,106885.0,106870.0
1118,14/11/2019 17:35:00,106870.0,106890.0,106915.0,106870.0
1119,14/11/2019 17:36:00,106900.0,106910.0,106925.0,106895.0
1120,14/11/2019 17:37:00,106910.0,106895.0,106940.0,106895.0
1121,14/11/2019 17:38:00,106895.0,106905.0,106905.0,106880.0
1122,14/11/2019 17:39:01,106905.0,106940.0,106940.0,106905.0
1123,14/11/2019 17:40:00,106940.0,106950.0,106975.0,106930.0
1124,14/11/2019 17:41:00,106940.0,106940.0,106950.0,106930.0
1125,14/11/2019 17:42:00,106940.0,106950.0,106955.0,106935.0
1126,14/11/2019 17:43:00,106950.0,106955.0,106960.0,106940.0
1127,14/11/2019 17:44:00,106960.0,106935.0,106965.0,106935.0
1128,14/11/2019 17:45:00,106935.0,106965.0,106965.0,106935.0
1129,14/11/2019 17:46:00,106960.0,106945.0,106970.0,106945.0
1130,14/11/2019 17:47:00,106945.0,106965.0,106965.0,106940.0
1131,14/11/2019 17:48:00,106965.0,106945.0,106975.0,106945.0
1132,14/11/2019 17:49:00,106945.0,106985.0,106995.0,106945.0
1133,14/11/2019 17:50:00,106985.0,106960.0,106985.0,106960.0
1134,14/11/2019 17:51:00,106965.0,106955.0,106980.0,106950.0
1135,14/11/2019 17:52:00,106955.0,106975.0,106980.0,106945.0
1136,14/11/2019 17:53:00,106975.0,106960.0,106990.0,106950.0
1137,14/11/2019 17:54:00,106960.0,106980.0,106985.0,106960.0
1138,14/11/2019 17:55:00,106980.0,106955.0,106980.0,106955.0
1139,14/11/2019 17:56:00,106955.0,106970.0,106980.0,106945.0
1140,14/11/2019 17:57:00,106980.0,106980.0,107015.0,106975.0
1141,14/11/2019 17:58:00,106980.0,106980.0,106980.0,106960.0
1142,14/11/2019 17:59:00,106980.0,106965.0,106995.0,106960.0
1143,14/11/2019 18:00:01,106965.0,106985.0,106995.0,106965.0
1144,14/11/2019 18:01:00,106985.0,106985.0,107000.0,106980.0
1145,14/11/2019 18:02:01,106985.0,106980.0,106985.0,106960.0
1146,14/11/2019 18:03:00,106980.0,106985.0,106990.0,106980.0
1147,14/11/2019 18:04:00,106985.0,106980.0,106990.0,106970.0
1148,14/11/2019 18:05:02,106980.0,106970.0,106985.0,106965.0
1149,14/11/2019 18:06:00,106970.0,106995.0,107010.0,106970.0
1150,14/11/2019 18:07:00,106995.0,106990.0,107005.0,106985.0
1151,14/11/2019 18:08:00,106990.0,106985.0,106995.0,106970.0
1152,14/11/2019 18:09:00,106985.0,107000.0,107000.0,106975.0
1153,14/11/2019 18:10:00,107000.0,106965.0,107000.0,106960.0
1154,14/11/2019 18:11:01,106965.0,106905.0,106975.0,106905.0
1155,14/11/2019 18:12:00,106905.0,106915.0,106935.0,106905.0
1156,14/11/2019 18:13:00,106915.0,106845.0,106915.0,106845.0
1157,14/11/2019 18:14:00,106845.0,106900.0,106900.0,106845.0
1158,14/11/2019 18:15:00,106900.0,106950.0,106960.0,106900.0
1159,14/11/2019 18:16:02,106950.0,106950.0,106960.0,106950.0
